time,job_id,num_gpu,submit_time,start_time,end_time,executed_time,JCT,duration,pending_time,preempt,resume,promote
97,3,100,79,79,97,18,18,18,0,0,0,0
164,0,1,0,0,164,164,164,164,0,0,0,0
177,1,8,30,30,177,147,147,147,0,0,0,0
180,2,2,53,53,180,127,127,127,0,0,0,0
18000097,4,100,79,97,18000097,18000000,18000018,18000000,18,0,0,0
36000097,5,100,79,18000097,36000097,18000000,36000018,18000000,18000018,0,0,0
54000097,6,100,79,36000097,54000097,18000000,54000018,18000000,36000018,0,0,0
72000097,7,100,79,54000097,72000097,18000000,72000018,18000000,54000018,0,0,0
90000097,8,100,79,72000097,90000097,18000000,90000018,18000000,72000018,0,0,0
108000097,10,100,79,90000097,108000097,18000000,108000018,18000000,90000018,0,0,0
126000097,11,100,79,108000097,126000097,18000000,126000018,18000000,108000018,0,0,0
144000097,12,100,79,126000097,144000097,18000000,144000018,18000000,126000018,0,0,0
162000097,13,100,79,144000097,162000097,18000000,162000018,18000000,144000018,0,0,0
180000097,14,100,79,162000097,180000097,18000000,180000018,18000000,162000018,0,0,0
198000097,15,100,79,180000097,198000097,18000000,198000018,18000000,180000018,0,0,0
216000097,16,100,79,198000097,216000097,18000000,216000018,18000000,198000018,0,0,0
234000097,17,100,79,216000097,234000097,18000000,234000018,18000000,216000018,0,0,0
252000097,18,100,79,234000097,252000097,18000000,252000018,18000000,234000018,0,0,0
270000097,19,100,79,252000097,270000097,18000000,270000018,18000000,252000018,0,0,0
288000097,20,100,79,270000097,288000097,18000000,288000018,18000000,270000018,0,0,0
306000097,21,100,79,288000097,306000097,18000000,306000018,18000000,288000018,0,0,0
324000097,22,100,79,306000097,324000097,18000000,324000018,18000000,306000018,0,0,0
342000097,23,100,79,324000097,342000097,18000000,342000018,18000000,324000018,0,0,0
360000097,24,100,79,342000097,360000097,18000000,360000018,18000000,342000018,0,0,0
378000097,25,100,79,360000097,378000097,18000000,378000018,18000000,360000018,0,0,0
396000097,26,100,79,378000097,396000097,18000000,396000018,18000000,378000018,0,0,0
414000097,27,100,79,396000097,414000097,18000000,414000018,18000000,396000018,0,0,0
432000097,28,100,79,414000097,432000097,18000000,432000018,18000000,414000018,0,0,0
450000097,29,100,79,432000097,450000097,18000000,450000018,18000000,432000018,0,0,0
468000097,30,100,79,450000097,468000097,18000000,468000018,18000000,450000018,0,0,0
486000097,31,100,79,468000097,486000097,18000000,486000018,18000000,468000018,0,0,0
504000097,32,100,79,486000097,504000097,18000000,504000018,18000000,486000018,0,0,0
522000097,33,100,79,504000097,522000097,18000000,522000018,18000000,504000018,0,0,0
540000097,34,100,79,522000097,540000097,18000000,540000018,18000000,522000018,0,0,0
558000097,35,100,79,540000097,558000097,18000000,558000018,18000000,540000018,0,0,0
576000097,36,100,79,558000097,576000097,18000000,576000018,18000000,558000018,0,0,0
594000097,37,100,79,576000097,594000097,18000000,594000018,18000000,576000018,0,0,0
612000097,38,100,79,594000097,612000097,18000000,612000018,18000000,594000018,0,0,0
630000097,39,100,79,612000097,630000097,18000000,630000018,18000000,612000018,0,0,0
648000097,40,100,79,630000097,648000097,18000000,648000018,18000000,630000018,0,0,0
666000097,41,100,79,648000097,666000097,18000000,666000018,18000000,648000018,0,0,0
684000097,42,100,79,666000097,684000097,18000000,684000018,18000000,666000018,0,0,0
702000097,43,100,79,684000097,702000097,18000000,702000018,18000000,684000018,0,0,0
720000097,44,100,79,702000097,720000097,18000000,720000018,18000000,702000018,0,0,0
738000097,45,100,79,720000097,738000097,18000000,738000018,18000000,720000018,0,0,0
756000097,46,100,79,738000097,756000097,18000000,756000018,18000000,738000018,0,0,0
774000097,47,100,79,756000097,774000097,18000000,774000018,18000000,756000018,0,0,0
792000097,48,100,79,774000097,792000097,18000000,792000018,18000000,774000018,0,0,0
810000097,49,100,79,792000097,810000097,18000000,810000018,18000000,792000018,0,0,0
828000097,50,100,79,810000097,828000097,18000000,828000018,18000000,810000018,0,0,0
846000097,51,100,79,828000097,846000097,18000000,846000018,18000000,828000018,0,0,0
864000097,52,100,79,846000097,864000097,18000000,864000018,18000000,846000018,0,0,0
882000097,53,100,79,864000097,882000097,18000000,882000018,18000000,864000018,0,0,0
900000097,54,100,79,882000097,900000097,18000000,900000018,18000000,882000018,0,0,0
918000097,55,100,79,900000097,918000097,18000000,918000018,18000000,900000018,0,0,0
936000097,56,100,79,918000097,936000097,18000000,936000018,18000000,918000018,0,0,0
954000097,57,100,79,936000097,954000097,18000000,954000018,18000000,936000018,0,0,0
972000097,58,100,79,954000097,972000097,18000000,972000018,18000000,954000018,0,0,0
990000097,59,100,79,972000097,990000097,18000000,990000018,18000000,972000018,0,0,0
1008000097,60,100,79,990000097,1008000097,18000000,1008000018,18000000,990000018,0,0,0
1026000097,61,100,79,1008000097,1026000097,18000000,1026000018,18000000,1008000018,0,0,0
1044000097,62,100,79,1026000097,1044000097,18000000,1044000018,18000000,1026000018,0,0,0
1062000097,63,100,79,1044000097,1062000097,18000000,1062000018,18000000,1044000018,0,0,0
1080000097,64,100,79,1062000097,1080000097,18000000,1080000018,18000000,1062000018,0,0,0
1098000097,65,100,79,1080000097,1098000097,18000000,1098000018,18000000,1080000018,0,0,0
1116000097,66,100,79,1098000097,1116000097,18000000,1116000018,18000000,1098000018,0,0,0
1134000097,67,100,79,1116000097,1134000097,18000000,1134000018,18000000,1116000018,0,0,0
1152000097,68,100,79,1134000097,1152000097,18000000,1152000018,18000000,1134000018,0,0,0
1170000097,69,100,79,1152000097,1170000097,18000000,1170000018,18000000,1152000018,0,0,0
1188000097,70,100,79,1170000097,1188000097,18000000,1188000018,18000000,1170000018,0,0,0
1206000097,71,100,79,1188000097,1206000097,18000000,1206000018,18000000,1188000018,0,0,0
1224000097,72,100,79,1206000097,1224000097,18000000,1224000018,18000000,1206000018,0,0,0
1242000097,73,100,79,1224000097,1242000097,18000000,1242000018,18000000,1224000018,0,0,0
1260000097,74,100,79,1242000097,1260000097,18000000,1260000018,18000000,1242000018,0,0,0
1278000097,75,100,79,1260000097,1278000097,18000000,1278000018,18000000,1260000018,0,0,0
1296000097,76,100,79,1278000097,1296000097,18000000,1296000018,18000000,1278000018,0,0,0
1314000097,77,100,79,1296000097,1314000097,18000000,1314000018,18000000,1296000018,0,0,0
1332000097,78,100,79,1314000097,1332000097,18000000,1332000018,18000000,1314000018,0,0,0
1350000097,79,100,79,1332000097,1350000097,18000000,1350000018,18000000,1332000018,0,0,0
1368000097,80,100,79,1350000097,1368000097,18000000,1368000018,18000000,1350000018,0,0,0
1386000097,81,100,79,1368000097,1386000097,18000000,1386000018,18000000,1368000018,0,0,0
1404000097,82,100,79,1386000097,1404000097,18000000,1404000018,18000000,1386000018,0,0,0
1422000097,83,100,79,1404000097,1422000097,18000000,1422000018,18000000,1404000018,0,0,0
1440000097,84,100,79,1422000097,1440000097,18000000,1440000018,18000000,1422000018,0,0,0
1458000097,85,100,79,1440000097,1458000097,18000000,1458000018,18000000,1440000018,0,0,0
1476000097,86,100,79,1458000097,1476000097,18000000,1476000018,18000000,1458000018,0,0,0
1494000097,87,100,79,1476000097,1494000097,18000000,1494000018,18000000,1476000018,0,0,0
1512000097,88,100,79,1494000097,1512000097,18000000,1512000018,18000000,1494000018,0,0,0
1530000097,89,100,79,1512000097,1530000097,18000000,1530000018,18000000,1512000018,0,0,0
1548000097,90,100,79,1530000097,1548000097,18000000,1548000018,18000000,1530000018,0,0,0
1566000097,91,100,79,1548000097,1566000097,18000000,1566000018,18000000,1548000018,0,0,0
1584000097,92,100,79,1566000097,1584000097,18000000,1584000018,18000000,1566000018,0,0,0
1602000097,93,100,79,1584000097,1602000097,18000000,1602000018,18000000,1584000018,0,0,0
1620000097,94,100,79,1602000097,1620000097,18000000,1620000018,18000000,1602000018,0,0,0
1638000097,95,100,79,1620000097,1638000097,18000000,1638000018,18000000,1620000018,0,0,0
1656000097,96,100,79,1638000097,1656000097,18000000,1656000018,18000000,1638000018,0,0,0
1674000097,97,100,79,1656000097,1674000097,18000000,1674000018,18000000,1656000018,0,0,0
1692000097,98,100,79,1674000097,1692000097,18000000,1692000018,18000000,1674000018,0,0,0
1710000097,99,100,79,1692000097,1710000097,18000000,1710000018,18000000,1692000018,0,0,0
1728000097,100,100,79,1710000097,1728000097,18000000,1728000018,18000000,1710000018,0,0,0
1746000097,101,100,79,1728000097,1746000097,18000000,1746000018,18000000,1728000018,0,0,0
1764000097,102,100,79,1746000097,1764000097,18000000,1764000018,18000000,1746000018,0,0,0
1782000097,103,100,79,1764000097,1782000097,18000000,1782000018,18000000,1764000018,0,0,0
1800000097,104,100,79,1782000097,1800000097,18000000,1800000018,18000000,1782000018,0,0,0
1818000097,105,100,79,1800000097,1818000097,18000000,1818000018,18000000,1800000018,0,0,0
1836000097,106,100,79,1818000097,1836000097,18000000,1836000018,18000000,1818000018,0,0,0
1854000097,107,100,79,1836000097,1854000097,18000000,1854000018,18000000,1836000018,0,0,0
1872000097,108,100,79,1854000097,1872000097,18000000,1872000018,18000000,1854000018,0,0,0
1890000097,109,100,79,1872000097,1890000097,18000000,1890000018,18000000,1872000018,0,0,0
1908000097,110,100,79,1890000097,1908000097,18000000,1908000018,18000000,1890000018,0,0,0
1926000097,111,100,79,1908000097,1926000097,18000000,1926000018,18000000,1908000018,0,0,0
1944000097,112,100,79,1926000097,1944000097,18000000,1944000018,18000000,1926000018,0,0,0
1962000097,113,100,79,1944000097,1962000097,18000000,1962000018,18000000,1944000018,0,0,0
1980000097,114,100,79,1962000097,1980000097,18000000,1980000018,18000000,1962000018,0,0,0
1998000097,115,100,79,1980000097,1998000097,18000000,1998000018,18000000,1980000018,0,0,0
2016000097,116,100,79,1998000097,2016000097,18000000,2016000018,18000000,1998000018,0,0,0
2034000097,117,100,79,2016000097,2034000097,18000000,2034000018,18000000,2016000018,0,0,0
2052000097,118,100,79,2034000097,2052000097,18000000,2052000018,18000000,2034000018,0,0,0
2070000097,119,100,79,2052000097,2070000097,18000000,2070000018,18000000,2052000018,0,0,0
2088000097,120,100,79,2070000097,2088000097,18000000,2088000018,18000000,2070000018,0,0,0
2106000097,121,100,79,2088000097,2106000097,18000000,2106000018,18000000,2088000018,0,0,0
2124000097,122,100,79,2106000097,2124000097,18000000,2124000018,18000000,2106000018,0,0,0
2142000097,123,100,79,2124000097,2142000097,18000000,2142000018,18000000,2124000018,0,0,0
2160000097,124,100,79,2142000097,2160000097,18000000,2160000018,18000000,2142000018,0,0,0
2178000097,125,100,79,2160000097,2178000097,18000000,2178000018,18000000,2160000018,0,0,0
2196000097,126,100,79,2178000097,2196000097,18000000,2196000018,18000000,2178000018,0,0,0
2214000097,127,100,79,2196000097,2214000097,18000000,2214000018,18000000,2196000018,0,0,0
2232000097,128,100,79,2214000097,2232000097,18000000,2232000018,18000000,2214000018,0,0,0
2250000097,129,100,79,2232000097,2250000097,18000000,2250000018,18000000,2232000018,0,0,0
2268000097,130,100,79,2250000097,2268000097,18000000,2268000018,18000000,2250000018,0,0,0
2286000097,131,100,79,2268000097,2286000097,18000000,2286000018,18000000,2268000018,0,0,0
2304000097,132,100,79,2286000097,2304000097,18000000,2304000018,18000000,2286000018,0,0,0
2322000097,133,100,79,2304000097,2322000097,18000000,2322000018,18000000,2304000018,0,0,0
2340000097,134,100,79,2322000097,2340000097,18000000,2340000018,18000000,2322000018,0,0,0
2358000097,135,100,79,2340000097,2358000097,18000000,2358000018,18000000,2340000018,0,0,0
2376000097,136,100,79,2358000097,2376000097,18000000,2376000018,18000000,2358000018,0,0,0
2394000097,137,100,79,2376000097,2394000097,18000000,2394000018,18000000,2376000018,0,0,0
2412000097,138,100,79,2394000097,2412000097,18000000,2412000018,18000000,2394000018,0,0,0
2430000097,139,100,79,2412000097,2430000097,18000000,2430000018,18000000,2412000018,0,0,0
2448000097,140,100,79,2430000097,2448000097,18000000,2448000018,18000000,2430000018,0,0,0
2466000097,141,100,79,2448000097,2466000097,18000000,2466000018,18000000,2448000018,0,0,0
2484000097,142,100,79,2466000097,2484000097,18000000,2484000018,18000000,2466000018,0,0,0
2502000097,143,100,79,2484000097,2502000097,18000000,2502000018,18000000,2484000018,0,0,0
2520000097,144,100,79,2502000097,2520000097,18000000,2520000018,18000000,2502000018,0,0,0
2538000097,145,100,79,2520000097,2538000097,18000000,2538000018,18000000,2520000018,0,0,0
2556000097,146,100,79,2538000097,2556000097,18000000,2556000018,18000000,2538000018,0,0,0
2574000097,147,100,79,2556000097,2574000097,18000000,2574000018,18000000,2556000018,0,0,0
2592000097,148,100,79,2574000097,2592000097,18000000,2592000018,18000000,2574000018,0,0,0
2610000097,149,100,79,2592000097,2610000097,18000000,2610000018,18000000,2592000018,0,0,0
2628000097,150,100,79,2610000097,2628000097,18000000,2628000018,18000000,2610000018,0,0,0
2646000097,151,100,79,2628000097,2646000097,18000000,2646000018,18000000,2628000018,0,0,0
2664000097,152,100,79,2646000097,2664000097,18000000,2664000018,18000000,2646000018,0,0,0
2682000097,153,100,79,2664000097,2682000097,18000000,2682000018,18000000,2664000018,0,0,0
2700000097,154,100,79,2682000097,2700000097,18000000,2700000018,18000000,2682000018,0,0,0
2718000097,155,100,79,2700000097,2718000097,18000000,2718000018,18000000,2700000018,0,0,0
2736000097,156,100,79,2718000097,2736000097,18000000,2736000018,18000000,2718000018,0,0,0
2754000097,157,100,79,2736000097,2754000097,18000000,2754000018,18000000,2736000018,0,0,0
2772000097,158,100,79,2754000097,2772000097,18000000,2772000018,18000000,2754000018,0,0,0
2790000097,159,100,79,2772000097,2790000097,18000000,2790000018,18000000,2772000018,0,0,0
2808000097,160,100,79,2790000097,2808000097,18000000,2808000018,18000000,2790000018,0,0,0
2826000097,161,100,79,2808000097,2826000097,18000000,2826000018,18000000,2808000018,0,0,0
2844000097,162,100,79,2826000097,2844000097,18000000,2844000018,18000000,2826000018,0,0,0
2862000097,163,100,79,2844000097,2862000097,18000000,2862000018,18000000,2844000018,0,0,0
2880000097,164,100,79,2862000097,2880000097,18000000,2880000018,18000000,2862000018,0,0,0
2898000097,165,100,79,2880000097,2898000097,18000000,2898000018,18000000,2880000018,0,0,0
2916000097,166,100,79,2898000097,2916000097,18000000,2916000018,18000000,2898000018,0,0,0
2934000097,167,100,79,2916000097,2934000097,18000000,2934000018,18000000,2916000018,0,0,0
2952000097,168,100,79,2934000097,2952000097,18000000,2952000018,18000000,2934000018,0,0,0
2970000097,169,100,79,2952000097,2970000097,18000000,2970000018,18000000,2952000018,0,0,0
2988000097,170,100,79,2970000097,2988000097,18000000,2988000018,18000000,2970000018,0,0,0
3006000097,171,100,79,2988000097,3006000097,18000000,3006000018,18000000,2988000018,0,0,0
3024000097,172,100,79,3006000097,3024000097,18000000,3024000018,18000000,3006000018,0,0,0
3042000097,173,100,79,3024000097,3042000097,18000000,3042000018,18000000,3024000018,0,0,0
3060000097,174,100,79,3042000097,3060000097,18000000,3060000018,18000000,3042000018,0,0,0
3078000097,175,100,79,3060000097,3078000097,18000000,3078000018,18000000,3060000018,0,0,0
3096000097,176,100,79,3078000097,3096000097,18000000,3096000018,18000000,3078000018,0,0,0
3114000097,177,100,79,3096000097,3114000097,18000000,3114000018,18000000,3096000018,0,0,0
3132000097,178,100,79,3114000097,3132000097,18000000,3132000018,18000000,3114000018,0,0,0
3150000097,179,100,79,3132000097,3150000097,18000000,3150000018,18000000,3132000018,0,0,0
3168000097,180,100,79,3150000097,3168000097,18000000,3168000018,18000000,3150000018,0,0,0
3186000097,181,100,79,3168000097,3186000097,18000000,3186000018,18000000,3168000018,0,0,0
3204000097,182,100,79,3186000097,3204000097,18000000,3204000018,18000000,3186000018,0,0,0
3222000097,183,100,79,3204000097,3222000097,18000000,3222000018,18000000,3204000018,0,0,0
3240000097,184,100,79,3222000097,3240000097,18000000,3240000018,18000000,3222000018,0,0,0
3258000097,185,100,79,3240000097,3258000097,18000000,3258000018,18000000,3240000018,0,0,0
3276000097,186,100,79,3258000097,3276000097,18000000,3276000018,18000000,3258000018,0,0,0
3294000097,187,100,79,3276000097,3294000097,18000000,3294000018,18000000,3276000018,0,0,0
3312000097,188,100,79,3294000097,3312000097,18000000,3312000018,18000000,3294000018,0,0,0
3330000097,189,100,79,3312000097,3330000097,18000000,3330000018,18000000,3312000018,0,0,0
3348000097,190,100,79,3330000097,3348000097,18000000,3348000018,18000000,3330000018,0,0,0
3366000097,191,100,79,3348000097,3366000097,18000000,3366000018,18000000,3348000018,0,0,0
3384000097,192,100,79,3366000097,3384000097,18000000,3384000018,18000000,3366000018,0,0,0
3402000097,193,100,79,3384000097,3402000097,18000000,3402000018,18000000,3384000018,0,0,0
3420000097,194,100,79,3402000097,3420000097,18000000,3420000018,18000000,3402000018,0,0,0
3438000097,195,100,79,3420000097,3438000097,18000000,3438000018,18000000,3420000018,0,0,0
3456000097,196,100,79,3438000097,3456000097,18000000,3456000018,18000000,3438000018,0,0,0
3474000097,197,100,79,3456000097,3474000097,18000000,3474000018,18000000,3456000018,0,0,0
3492000097,198,100,79,3474000097,3492000097,18000000,3492000018,18000000,3474000018,0,0,0
3510000097,199,100,79,3492000097,3510000097,18000000,3510000018,18000000,3492000018,0,0,0
3528000097,200,100,79,3510000097,3528000097,18000000,3528000018,18000000,3510000018,0,0,0
3546000097,201,100,79,3528000097,3546000097,18000000,3546000018,18000000,3528000018,0,0,0
3564000097,202,100,79,3546000097,3564000097,18000000,3564000018,18000000,3546000018,0,0,0
3582000097,203,100,79,3564000097,3582000097,18000000,3582000018,18000000,3564000018,0,0,0
3600000097,204,100,79,3582000097,3600000097,18000000,3600000018,18000000,3582000018,0,0,0
3618000097,205,100,79,3600000097,3618000097,18000000,3618000018,18000000,3600000018,0,0,0
3636000097,206,100,79,3618000097,3636000097,18000000,3636000018,18000000,3618000018,0,0,0
3654000097,207,100,79,3636000097,3654000097,18000000,3654000018,18000000,3636000018,0,0,0
3672000097,208,100,79,3654000097,3672000097,18000000,3672000018,18000000,3654000018,0,0,0
3690000097,209,100,79,3672000097,3690000097,18000000,3690000018,18000000,3672000018,0,0,0
3708000097,210,100,79,3690000097,3708000097,18000000,3708000018,18000000,3690000018,0,0,0
3726000097,211,100,79,3708000097,3726000097,18000000,3726000018,18000000,3708000018,0,0,0
3744000097,212,100,79,3726000097,3744000097,18000000,3744000018,18000000,3726000018,0,0,0
3762000097,213,100,79,3744000097,3762000097,18000000,3762000018,18000000,3744000018,0,0,0
3780000097,214,100,79,3762000097,3780000097,18000000,3780000018,18000000,3762000018,0,0,0
3798000097,215,100,79,3780000097,3798000097,18000000,3798000018,18000000,3780000018,0,0,0
3816000097,216,100,79,3798000097,3816000097,18000000,3816000018,18000000,3798000018,0,0,0
3834000097,217,100,79,3816000097,3834000097,18000000,3834000018,18000000,3816000018,0,0,0
3852000097,218,100,79,3834000097,3852000097,18000000,3852000018,18000000,3834000018,0,0,0
3870000097,219,100,79,3852000097,3870000097,18000000,3870000018,18000000,3852000018,0,0,0
3888000097,220,100,79,3870000097,3888000097,18000000,3888000018,18000000,3870000018,0,0,0
3906000097,221,100,79,3888000097,3906000097,18000000,3906000018,18000000,3888000018,0,0,0
3924000097,222,100,79,3906000097,3924000097,18000000,3924000018,18000000,3906000018,0,0,0
3942000097,223,100,79,3924000097,3942000097,18000000,3942000018,18000000,3924000018,0,0,0
3960000097,224,100,79,3942000097,3960000097,18000000,3960000018,18000000,3942000018,0,0,0
3978000097,225,100,79,3960000097,3978000097,18000000,3978000018,18000000,3960000018,0,0,0
3996000097,226,100,79,3978000097,3996000097,18000000,3996000018,18000000,3978000018,0,0,0
4014000097,227,100,79,3996000097,4014000097,18000000,4014000018,18000000,3996000018,0,0,0
4032000097,228,100,79,4014000097,4032000097,18000000,4032000018,18000000,4014000018,0,0,0
4050000097,229,100,79,4032000097,4050000097,18000000,4050000018,18000000,4032000018,0,0,0
4068000097,230,100,79,4050000097,4068000097,18000000,4068000018,18000000,4050000018,0,0,0
4086000097,231,100,79,4068000097,4086000097,18000000,4086000018,18000000,4068000018,0,0,0
4104000097,232,100,79,4086000097,4104000097,18000000,4104000018,18000000,4086000018,0,0,0
4122000097,233,100,79,4104000097,4122000097,18000000,4122000018,18000000,4104000018,0,0,0
4140000097,234,100,79,4122000097,4140000097,18000000,4140000018,18000000,4122000018,0,0,0
4158000097,235,100,79,4140000097,4158000097,18000000,4158000018,18000000,4140000018,0,0,0
4176000097,236,100,79,4158000097,4176000097,18000000,4176000018,18000000,4158000018,0,0,0
4194000097,237,100,79,4176000097,4194000097,18000000,4194000018,18000000,4176000018,0,0,0
4212000097,238,100,79,4194000097,4212000097,18000000,4212000018,18000000,4194000018,0,0,0
4230000097,239,100,79,4212000097,4230000097,18000000,4230000018,18000000,4212000018,0,0,0
4248000097,240,100,79,4230000097,4248000097,18000000,4248000018,18000000,4230000018,0,0,0
4266000097,241,100,79,4248000097,4266000097,18000000,4266000018,18000000,4248000018,0,0,0
4284000097,242,100,79,4266000097,4284000097,18000000,4284000018,18000000,4266000018,0,0,0
4302000097,243,100,79,4284000097,4302000097,18000000,4302000018,18000000,4284000018,0,0,0
4320000097,244,100,79,4302000097,4320000097,18000000,4320000018,18000000,4302000018,0,0,0
4338000097,245,100,79,4320000097,4338000097,18000000,4338000018,18000000,4320000018,0,0,0
4356000097,246,100,79,4338000097,4356000097,18000000,4356000018,18000000,4338000018,0,0,0
4374000097,247,100,79,4356000097,4374000097,18000000,4374000018,18000000,4356000018,0,0,0
4392000097,248,100,79,4374000097,4392000097,18000000,4392000018,18000000,4374000018,0,0,0
4410000097,249,100,79,4392000097,4410000097,18000000,4410000018,18000000,4392000018,0,0,0
4428000097,250,100,79,4410000097,4428000097,18000000,4428000018,18000000,4410000018,0,0,0
4446000097,251,100,79,4428000097,4446000097,18000000,4446000018,18000000,4428000018,0,0,0
4464000097,252,100,79,4446000097,4464000097,18000000,4464000018,18000000,4446000018,0,0,0
4482000097,253,100,79,4464000097,4482000097,18000000,4482000018,18000000,4464000018,0,0,0
4500000097,254,100,79,4482000097,4500000097,18000000,4500000018,18000000,4482000018,0,0,0
4518000097,255,100,79,4500000097,4518000097,18000000,4518000018,18000000,4500000018,0,0,0
4536000097,256,100,79,4518000097,4536000097,18000000,4536000018,18000000,4518000018,0,0,0
4554000097,257,100,79,4536000097,4554000097,18000000,4554000018,18000000,4536000018,0,0,0
4572000097,258,100,79,4554000097,4572000097,18000000,4572000018,18000000,4554000018,0,0,0
4590000097,259,100,79,4572000097,4590000097,18000000,4590000018,18000000,4572000018,0,0,0
4608000097,260,100,79,4590000097,4608000097,18000000,4608000018,18000000,4590000018,0,0,0
4626000097,261,100,79,4608000097,4626000097,18000000,4626000018,18000000,4608000018,0,0,0
4644000097,262,100,79,4626000097,4644000097,18000000,4644000018,18000000,4626000018,0,0,0
4662000097,263,100,79,4644000097,4662000097,18000000,4662000018,18000000,4644000018,0,0,0
4680000097,264,100,79,4662000097,4680000097,18000000,4680000018,18000000,4662000018,0,0,0
4698000097,265,100,79,4680000097,4698000097,18000000,4698000018,18000000,4680000018,0,0,0
4716000097,266,100,79,4698000097,4716000097,18000000,4716000018,18000000,4698000018,0,0,0
4734000097,267,100,79,4716000097,4734000097,18000000,4734000018,18000000,4716000018,0,0,0
4752000097,268,100,79,4734000097,4752000097,18000000,4752000018,18000000,4734000018,0,0,0
4770000097,269,100,79,4752000097,4770000097,18000000,4770000018,18000000,4752000018,0,0,0
4788000097,270,100,79,4770000097,4788000097,18000000,4788000018,18000000,4770000018,0,0,0
4806000097,271,100,79,4788000097,4806000097,18000000,4806000018,18000000,4788000018,0,0,0
4824000097,272,100,79,4806000097,4824000097,18000000,4824000018,18000000,4806000018,0,0,0
4842000097,273,100,79,4824000097,4842000097,18000000,4842000018,18000000,4824000018,0,0,0
4860000097,274,100,79,4842000097,4860000097,18000000,4860000018,18000000,4842000018,0,0,0
4878000097,275,100,79,4860000097,4878000097,18000000,4878000018,18000000,4860000018,0,0,0
4896000097,276,100,79,4878000097,4896000097,18000000,4896000018,18000000,4878000018,0,0,0
4914000097,277,100,79,4896000097,4914000097,18000000,4914000018,18000000,4896000018,0,0,0
4932000097,278,100,79,4914000097,4932000097,18000000,4932000018,18000000,4914000018,0,0,0
4950000097,279,100,79,4932000097,4950000097,18000000,4950000018,18000000,4932000018,0,0,0
4968000097,280,100,79,4950000097,4968000097,18000000,4968000018,18000000,4950000018,0,0,0
4986000097,281,100,79,4968000097,4986000097,18000000,4986000018,18000000,4968000018,0,0,0
5004000097,282,100,79,4986000097,5004000097,18000000,5004000018,18000000,4986000018,0,0,0
5022000097,283,100,79,5004000097,5022000097,18000000,5022000018,18000000,5004000018,0,0,0
5040000097,284,100,79,5022000097,5040000097,18000000,5040000018,18000000,5022000018,0,0,0
5058000097,285,100,79,5040000097,5058000097,18000000,5058000018,18000000,5040000018,0,0,0
5076000097,286,100,79,5058000097,5076000097,18000000,5076000018,18000000,5058000018,0,0,0
5094000097,287,100,79,5076000097,5094000097,18000000,5094000018,18000000,5076000018,0,0,0
5112000097,288,100,79,5094000097,5112000097,18000000,5112000018,18000000,5094000018,0,0,0
5130000097,289,100,79,5112000097,5130000097,18000000,5130000018,18000000,5112000018,0,0,0
5148000097,290,100,79,5130000097,5148000097,18000000,5148000018,18000000,5130000018,0,0,0
5166000097,291,100,79,5148000097,5166000097,18000000,5166000018,18000000,5148000018,0,0,0
5184000097,292,100,79,5166000097,5184000097,18000000,5184000018,18000000,5166000018,0,0,0
5202000097,293,100,79,5184000097,5202000097,18000000,5202000018,18000000,5184000018,0,0,0
5220000097,294,100,79,5202000097,5220000097,18000000,5220000018,18000000,5202000018,0,0,0
5238000097,295,100,79,5220000097,5238000097,18000000,5238000018,18000000,5220000018,0,0,0
5256000097,296,100,79,5238000097,5256000097,18000000,5256000018,18000000,5238000018,0,0,0
5274000097,297,100,79,5256000097,5274000097,18000000,5274000018,18000000,5256000018,0,0,0
5292000097,298,100,79,5274000097,5292000097,18000000,5292000018,18000000,5274000018,0,0,0
5310000097,299,100,79,5292000097,5310000097,18000000,5310000018,18000000,5292000018,0,0,0
5328000097,300,100,79,5310000097,5328000097,18000000,5328000018,18000000,5310000018,0,0,0
5346000097,301,100,79,5328000097,5346000097,18000000,5346000018,18000000,5328000018,0,0,0
5364000097,302,100,79,5346000097,5364000097,18000000,5364000018,18000000,5346000018,0,0,0
5382000097,303,100,79,5364000097,5382000097,18000000,5382000018,18000000,5364000018,0,0,0
5400000097,304,100,79,5382000097,5400000097,18000000,5400000018,18000000,5382000018,0,0,0
5418000097,305,100,79,5400000097,5418000097,18000000,5418000018,18000000,5400000018,0,0,0
5436000097,306,100,79,5418000097,5436000097,18000000,5436000018,18000000,5418000018,0,0,0
5454000097,307,100,79,5436000097,5454000097,18000000,5454000018,18000000,5436000018,0,0,0
5472000097,308,100,79,5454000097,5472000097,18000000,5472000018,18000000,5454000018,0,0,0
5490000097,309,100,79,5472000097,5490000097,18000000,5490000018,18000000,5472000018,0,0,0
5508000097,310,100,79,5490000097,5508000097,18000000,5508000018,18000000,5490000018,0,0,0
5526000097,311,100,79,5508000097,5526000097,18000000,5526000018,18000000,5508000018,0,0,0
5544000097,312,100,79,5526000097,5544000097,18000000,5544000018,18000000,5526000018,0,0,0
5562000097,313,100,79,5544000097,5562000097,18000000,5562000018,18000000,5544000018,0,0,0
5580000097,314,100,79,5562000097,5580000097,18000000,5580000018,18000000,5562000018,0,0,0
5598000097,315,100,79,5580000097,5598000097,18000000,5598000018,18000000,5580000018,0,0,0
5616000097,316,100,79,5598000097,5616000097,18000000,5616000018,18000000,5598000018,0,0,0
5634000097,317,100,79,5616000097,5634000097,18000000,5634000018,18000000,5616000018,0,0,0
5652000097,318,100,79,5634000097,5652000097,18000000,5652000018,18000000,5634000018,0,0,0
5670000097,319,100,79,5652000097,5670000097,18000000,5670000018,18000000,5652000018,0,0,0
5688000097,320,100,79,5670000097,5688000097,18000000,5688000018,18000000,5670000018,0,0,0
5706000097,321,100,79,5688000097,5706000097,18000000,5706000018,18000000,5688000018,0,0,0
5724000097,322,100,79,5706000097,5724000097,18000000,5724000018,18000000,5706000018,0,0,0
5742000097,323,100,79,5724000097,5742000097,18000000,5742000018,18000000,5724000018,0,0,0
5760000097,324,100,79,5742000097,5760000097,18000000,5760000018,18000000,5742000018,0,0,0
5778000097,325,100,79,5760000097,5778000097,18000000,5778000018,18000000,5760000018,0,0,0
5796000097,326,100,79,5778000097,5796000097,18000000,5796000018,18000000,5778000018,0,0,0
5814000097,327,100,79,5796000097,5814000097,18000000,5814000018,18000000,5796000018,0,0,0
5832000097,328,100,79,5814000097,5832000097,18000000,5832000018,18000000,5814000018,0,0,0
5850000097,329,100,79,5832000097,5850000097,18000000,5850000018,18000000,5832000018,0,0,0
5868000097,330,100,79,5850000097,5868000097,18000000,5868000018,18000000,5850000018,0,0,0
5886000097,331,100,79,5868000097,5886000097,18000000,5886000018,18000000,5868000018,0,0,0
5904000097,332,100,79,5886000097,5904000097,18000000,5904000018,18000000,5886000018,0,0,0
5922000097,333,100,79,5904000097,5922000097,18000000,5922000018,18000000,5904000018,0,0,0
5940000097,334,100,79,5922000097,5940000097,18000000,5940000018,18000000,5922000018,0,0,0
5958000097,335,100,79,5940000097,5958000097,18000000,5958000018,18000000,5940000018,0,0,0
5976000097,336,100,79,5958000097,5976000097,18000000,5976000018,18000000,5958000018,0,0,0
5994000097,337,100,79,5976000097,5994000097,18000000,5994000018,18000000,5976000018,0,0,0
6012000097,338,100,79,5994000097,6012000097,18000000,6012000018,18000000,5994000018,0,0,0
6030000097,339,100,79,6012000097,6030000097,18000000,6030000018,18000000,6012000018,0,0,0
6048000097,340,100,79,6030000097,6048000097,18000000,6048000018,18000000,6030000018,0,0,0
6066000097,341,100,79,6048000097,6066000097,18000000,6066000018,18000000,6048000018,0,0,0
6084000097,342,100,79,6066000097,6084000097,18000000,6084000018,18000000,6066000018,0,0,0
6102000097,343,100,79,6084000097,6102000097,18000000,6102000018,18000000,6084000018,0,0,0
6120000097,344,100,79,6102000097,6120000097,18000000,6120000018,18000000,6102000018,0,0,0
6138000097,345,100,79,6120000097,6138000097,18000000,6138000018,18000000,6120000018,0,0,0
6156000097,346,100,79,6138000097,6156000097,18000000,6156000018,18000000,6138000018,0,0,0
6174000097,347,100,79,6156000097,6174000097,18000000,6174000018,18000000,6156000018,0,0,0
6192000097,348,100,79,6174000097,6192000097,18000000,6192000018,18000000,6174000018,0,0,0
6210000097,349,100,79,6192000097,6210000097,18000000,6210000018,18000000,6192000018,0,0,0
6228000097,350,100,79,6210000097,6228000097,18000000,6228000018,18000000,6210000018,0,0,0
6246000097,351,100,79,6228000097,6246000097,18000000,6246000018,18000000,6228000018,0,0,0
6264000097,352,100,79,6246000097,6264000097,18000000,6264000018,18000000,6246000018,0,0,0
6282000097,353,100,79,6264000097,6282000097,18000000,6282000018,18000000,6264000018,0,0,0
6300000097,354,100,79,6282000097,6300000097,18000000,6300000018,18000000,6282000018,0,0,0
6318000097,355,100,79,6300000097,6318000097,18000000,6318000018,18000000,6300000018,0,0,0
6336000097,356,100,79,6318000097,6336000097,18000000,6336000018,18000000,6318000018,0,0,0
6354000097,357,100,79,6336000097,6354000097,18000000,6354000018,18000000,6336000018,0,0,0
6372000097,358,100,79,6354000097,6372000097,18000000,6372000018,18000000,6354000018,0,0,0
6390000097,359,100,79,6372000097,6390000097,18000000,6390000018,18000000,6372000018,0,0,0
6408000097,360,100,79,6390000097,6408000097,18000000,6408000018,18000000,6390000018,0,0,0
6426000097,361,100,79,6408000097,6426000097,18000000,6426000018,18000000,6408000018,0,0,0
6444000097,362,100,79,6426000097,6444000097,18000000,6444000018,18000000,6426000018,0,0,0
6462000097,363,100,79,6444000097,6462000097,18000000,6462000018,18000000,6444000018,0,0,0
6480000097,364,100,79,6462000097,6480000097,18000000,6480000018,18000000,6462000018,0,0,0
6498000097,365,100,79,6480000097,6498000097,18000000,6498000018,18000000,6480000018,0,0,0
6516000097,366,100,79,6498000097,6516000097,18000000,6516000018,18000000,6498000018,0,0,0
6534000097,367,100,79,6516000097,6534000097,18000000,6534000018,18000000,6516000018,0,0,0
6552000097,368,100,79,6534000097,6552000097,18000000,6552000018,18000000,6534000018,0,0,0
6570000097,369,100,79,6552000097,6570000097,18000000,6570000018,18000000,6552000018,0,0,0
6588000097,370,100,79,6570000097,6588000097,18000000,6588000018,18000000,6570000018,0,0,0
6606000097,371,100,79,6588000097,6606000097,18000000,6606000018,18000000,6588000018,0,0,0
6624000097,372,100,79,6606000097,6624000097,18000000,6624000018,18000000,6606000018,0,0,0
6642000097,373,100,79,6624000097,6642000097,18000000,6642000018,18000000,6624000018,0,0,0
6660000097,374,100,79,6642000097,6660000097,18000000,6660000018,18000000,6642000018,0,0,0
6678000097,375,100,79,6660000097,6678000097,18000000,6678000018,18000000,6660000018,0,0,0
6696000097,376,100,79,6678000097,6696000097,18000000,6696000018,18000000,6678000018,0,0,0
6714000097,377,100,79,6696000097,6714000097,18000000,6714000018,18000000,6696000018,0,0,0
6732000097,378,100,79,6714000097,6732000097,18000000,6732000018,18000000,6714000018,0,0,0
6750000097,379,100,79,6732000097,6750000097,18000000,6750000018,18000000,6732000018,0,0,0
6768000097,380,100,79,6750000097,6768000097,18000000,6768000018,18000000,6750000018,0,0,0
6786000097,381,100,79,6768000097,6786000097,18000000,6786000018,18000000,6768000018,0,0,0
6804000097,382,100,79,6786000097,6804000097,18000000,6804000018,18000000,6786000018,0,0,0
6822000097,383,100,79,6804000097,6822000097,18000000,6822000018,18000000,6804000018,0,0,0
6840000097,384,100,79,6822000097,6840000097,18000000,6840000018,18000000,6822000018,0,0,0
6858000097,385,100,79,6840000097,6858000097,18000000,6858000018,18000000,6840000018,0,0,0
6876000097,386,100,79,6858000097,6876000097,18000000,6876000018,18000000,6858000018,0,0,0
6894000097,387,100,79,6876000097,6894000097,18000000,6894000018,18000000,6876000018,0,0,0
6912000097,388,100,79,6894000097,6912000097,18000000,6912000018,18000000,6894000018,0,0,0
6930000097,389,100,79,6912000097,6930000097,18000000,6930000018,18000000,6912000018,0,0,0
6948000097,390,100,79,6930000097,6948000097,18000000,6948000018,18000000,6930000018,0,0,0
6966000097,391,100,79,6948000097,6966000097,18000000,6966000018,18000000,6948000018,0,0,0
6984000097,392,100,79,6966000097,6984000097,18000000,6984000018,18000000,6966000018,0,0,0
7002000097,393,100,79,6984000097,7002000097,18000000,7002000018,18000000,6984000018,0,0,0
7020000097,394,100,79,7002000097,7020000097,18000000,7020000018,18000000,7002000018,0,0,0
7038000097,395,100,79,7020000097,7038000097,18000000,7038000018,18000000,7020000018,0,0,0
7056000097,396,100,79,7038000097,7056000097,18000000,7056000018,18000000,7038000018,0,0,0
7074000097,397,100,79,7056000097,7074000097,18000000,7074000018,18000000,7056000018,0,0,0
7092000097,398,100,79,7074000097,7092000097,18000000,7092000018,18000000,7074000018,0,0,0
7110000097,399,100,79,7092000097,7110000097,18000000,7110000018,18000000,7092000018,0,0,0
7128000097,400,100,79,7110000097,7128000097,18000000,7128000018,18000000,7110000018,0,0,0
7146000097,401,100,79,7128000097,7146000097,18000000,7146000018,18000000,7128000018,0,0,0
7164000097,402,100,79,7146000097,7164000097,18000000,7164000018,18000000,7146000018,0,0,0
7182000097,403,100,79,7164000097,7182000097,18000000,7182000018,18000000,7164000018,0,0,0
7200000097,404,100,79,7182000097,7200000097,18000000,7200000018,18000000,7182000018,0,0,0
7218000097,405,100,79,7200000097,7218000097,18000000,7218000018,18000000,7200000018,0,0,0
7236000097,406,100,79,7218000097,7236000097,18000000,7236000018,18000000,7218000018,0,0,0
7254000097,407,100,79,7236000097,7254000097,18000000,7254000018,18000000,7236000018,0,0,0
7272000097,408,100,79,7254000097,7272000097,18000000,7272000018,18000000,7254000018,0,0,0
7290000097,409,100,79,7272000097,7290000097,18000000,7290000018,18000000,7272000018,0,0,0
7308000097,410,100,79,7290000097,7308000097,18000000,7308000018,18000000,7290000018,0,0,0
7326000097,411,100,79,7308000097,7326000097,18000000,7326000018,18000000,7308000018,0,0,0
7344000097,412,100,79,7326000097,7344000097,18000000,7344000018,18000000,7326000018,0,0,0
7362000097,413,100,79,7344000097,7362000097,18000000,7362000018,18000000,7344000018,0,0,0
7380000097,414,100,79,7362000097,7380000097,18000000,7380000018,18000000,7362000018,0,0,0
7398000097,415,100,79,7380000097,7398000097,18000000,7398000018,18000000,7380000018,0,0,0
7416000097,416,100,79,7398000097,7416000097,18000000,7416000018,18000000,7398000018,0,0,0
7434000097,417,100,79,7416000097,7434000097,18000000,7434000018,18000000,7416000018,0,0,0
7452000097,418,100,79,7434000097,7452000097,18000000,7452000018,18000000,7434000018,0,0,0
7470000097,419,100,79,7452000097,7470000097,18000000,7470000018,18000000,7452000018,0,0,0
7488000097,420,100,79,7470000097,7488000097,18000000,7488000018,18000000,7470000018,0,0,0
7506000097,421,100,79,7488000097,7506000097,18000000,7506000018,18000000,7488000018,0,0,0
7524000097,422,100,79,7506000097,7524000097,18000000,7524000018,18000000,7506000018,0,0,0
7542000097,423,100,79,7524000097,7542000097,18000000,7542000018,18000000,7524000018,0,0,0
7560000097,424,100,79,7542000097,7560000097,18000000,7560000018,18000000,7542000018,0,0,0
7578000097,425,100,79,7560000097,7578000097,18000000,7578000018,18000000,7560000018,0,0,0
7596000097,426,100,79,7578000097,7596000097,18000000,7596000018,18000000,7578000018,0,0,0
7614000097,427,100,79,7596000097,7614000097,18000000,7614000018,18000000,7596000018,0,0,0
7632000097,428,100,79,7614000097,7632000097,18000000,7632000018,18000000,7614000018,0,0,0
7650000097,429,100,79,7632000097,7650000097,18000000,7650000018,18000000,7632000018,0,0,0
7668000097,430,100,79,7650000097,7668000097,18000000,7668000018,18000000,7650000018,0,0,0
7686000097,431,100,79,7668000097,7686000097,18000000,7686000018,18000000,7668000018,0,0,0
7704000097,432,100,79,7686000097,7704000097,18000000,7704000018,18000000,7686000018,0,0,0
7722000097,433,100,79,7704000097,7722000097,18000000,7722000018,18000000,7704000018,0,0,0
7740000097,434,100,79,7722000097,7740000097,18000000,7740000018,18000000,7722000018,0,0,0
7758000097,435,100,79,7740000097,7758000097,18000000,7758000018,18000000,7740000018,0,0,0
7776000097,436,100,79,7758000097,7776000097,18000000,7776000018,18000000,7758000018,0,0,0
7794000097,437,100,79,7776000097,7794000097,18000000,7794000018,18000000,7776000018,0,0,0
7812000097,438,100,79,7794000097,7812000097,18000000,7812000018,18000000,7794000018,0,0,0
7830000097,439,100,79,7812000097,7830000097,18000000,7830000018,18000000,7812000018,0,0,0
7848000097,440,100,79,7830000097,7848000097,18000000,7848000018,18000000,7830000018,0,0,0
7866000097,441,100,79,7848000097,7866000097,18000000,7866000018,18000000,7848000018,0,0,0
7884000097,442,100,79,7866000097,7884000097,18000000,7884000018,18000000,7866000018,0,0,0
7902000097,443,100,79,7884000097,7902000097,18000000,7902000018,18000000,7884000018,0,0,0
7920000097,444,100,79,7902000097,7920000097,18000000,7920000018,18000000,7902000018,0,0,0
7938000097,445,100,79,7920000097,7938000097,18000000,7938000018,18000000,7920000018,0,0,0
7956000097,446,100,79,7938000097,7956000097,18000000,7956000018,18000000,7938000018,0,0,0
7974000097,447,100,79,7956000097,7974000097,18000000,7974000018,18000000,7956000018,0,0,0
7992000097,448,100,79,7974000097,7992000097,18000000,7992000018,18000000,7974000018,0,0,0
8010000097,449,100,79,7992000097,8010000097,18000000,8010000018,18000000,7992000018,0,0,0
8028000097,450,100,79,8010000097,8028000097,18000000,8028000018,18000000,8010000018,0,0,0
8046000097,451,100,79,8028000097,8046000097,18000000,8046000018,18000000,8028000018,0,0,0
8064000097,452,100,79,8046000097,8064000097,18000000,8064000018,18000000,8046000018,0,0,0
8082000097,453,100,79,8064000097,8082000097,18000000,8082000018,18000000,8064000018,0,0,0
8100000097,454,100,79,8082000097,8100000097,18000000,8100000018,18000000,8082000018,0,0,0
8118000097,455,100,79,8100000097,8118000097,18000000,8118000018,18000000,8100000018,0,0,0
8136000097,456,100,79,8118000097,8136000097,18000000,8136000018,18000000,8118000018,0,0,0
8154000097,457,100,79,8136000097,8154000097,18000000,8154000018,18000000,8136000018,0,0,0
8172000097,458,100,79,8154000097,8172000097,18000000,8172000018,18000000,8154000018,0,0,0
8190000097,459,100,79,8172000097,8190000097,18000000,8190000018,18000000,8172000018,0,0,0
8208000097,460,100,79,8190000097,8208000097,18000000,8208000018,18000000,8190000018,0,0,0
8226000097,461,100,79,8208000097,8226000097,18000000,8226000018,18000000,8208000018,0,0,0
8244000097,462,100,79,8226000097,8244000097,18000000,8244000018,18000000,8226000018,0,0,0
8262000097,463,100,79,8244000097,8262000097,18000000,8262000018,18000000,8244000018,0,0,0
8280000097,464,100,79,8262000097,8280000097,18000000,8280000018,18000000,8262000018,0,0,0
8298000097,465,100,79,8280000097,8298000097,18000000,8298000018,18000000,8280000018,0,0,0
8316000097,466,100,79,8298000097,8316000097,18000000,8316000018,18000000,8298000018,0,0,0
8334000097,467,100,79,8316000097,8334000097,18000000,8334000018,18000000,8316000018,0,0,0
8352000097,468,100,79,8334000097,8352000097,18000000,8352000018,18000000,8334000018,0,0,0
8370000097,469,100,79,8352000097,8370000097,18000000,8370000018,18000000,8352000018,0,0,0
8388000097,470,100,79,8370000097,8388000097,18000000,8388000018,18000000,8370000018,0,0,0
8406000097,471,100,79,8388000097,8406000097,18000000,8406000018,18000000,8388000018,0,0,0
8424000097,472,100,79,8406000097,8424000097,18000000,8424000018,18000000,8406000018,0,0,0
8442000097,473,100,79,8424000097,8442000097,18000000,8442000018,18000000,8424000018,0,0,0
8460000097,474,100,79,8442000097,8460000097,18000000,8460000018,18000000,8442000018,0,0,0
8478000097,475,100,79,8460000097,8478000097,18000000,8478000018,18000000,8460000018,0,0,0
8496000097,476,100,79,8478000097,8496000097,18000000,8496000018,18000000,8478000018,0,0,0
8514000097,477,100,79,8496000097,8514000097,18000000,8514000018,18000000,8496000018,0,0,0
8532000097,478,100,79,8514000097,8532000097,18000000,8532000018,18000000,8514000018,0,0,0
8550000097,479,100,79,8532000097,8550000097,18000000,8550000018,18000000,8532000018,0,0,0
8568000097,480,100,79,8550000097,8568000097,18000000,8568000018,18000000,8550000018,0,0,0
8586000097,481,100,79,8568000097,8586000097,18000000,8586000018,18000000,8568000018,0,0,0
8604000097,482,100,79,8586000097,8604000097,18000000,8604000018,18000000,8586000018,0,0,0
8622000097,483,100,79,8604000097,8622000097,18000000,8622000018,18000000,8604000018,0,0,0
8640000097,484,100,79,8622000097,8640000097,18000000,8640000018,18000000,8622000018,0,0,0
8658000097,485,100,79,8640000097,8658000097,18000000,8658000018,18000000,8640000018,0,0,0
8676000097,486,100,79,8658000097,8676000097,18000000,8676000018,18000000,8658000018,0,0,0
8694000097,487,100,79,8676000097,8694000097,18000000,8694000018,18000000,8676000018,0,0,0
8712000097,488,100,79,8694000097,8712000097,18000000,8712000018,18000000,8694000018,0,0,0
8730000097,489,100,79,8712000097,8730000097,18000000,8730000018,18000000,8712000018,0,0,0
8748000097,490,100,79,8730000097,8748000097,18000000,8748000018,18000000,8730000018,0,0,0
8766000097,491,100,79,8748000097,8766000097,18000000,8766000018,18000000,8748000018,0,0,0
8784000097,492,100,79,8766000097,8784000097,18000000,8784000018,18000000,8766000018,0,0,0
8802000097,493,100,79,8784000097,8802000097,18000000,8802000018,18000000,8784000018,0,0,0
8820000097,494,100,79,8802000097,8820000097,18000000,8820000018,18000000,8802000018,0,0,0
8838000097,495,100,79,8820000097,8838000097,18000000,8838000018,18000000,8820000018,0,0,0
8856000097,496,100,79,8838000097,8856000097,18000000,8856000018,18000000,8838000018,0,0,0
8874000097,497,100,79,8856000097,8874000097,18000000,8874000018,18000000,8856000018,0,0,0
8892000097,498,100,79,8874000097,8892000097,18000000,8892000018,18000000,8874000018,0,0,0
8910000097,499,100,79,8892000097,8910000097,18000000,8910000018,18000000,8892000018,0,0,0
8910000223,9,1,252,8910000097,8910000223,126,8909999971,126,8909999845,0,0,0
8928000097,500,100,79,8910000097,8928000097,18000000,8928000018,18000000,8910000018,0,0,0
